1771714923.8293703,784,2,malloc;main;[unknown];__libc_start_main;_start
1771714928.8419924,784,5,malloc;main;[unknown];__libc_start_main;_start
1771714933.8580992,784,7,malloc;main;[unknown];__libc_start_main;_start
1771714938.8778055,784,10,malloc;main;[unknown];__libc_start_main;_start
1771715252.2309644,967,5,malloc;main;[unknown];__libc_start_main;_start
1771715252.2373211,450,5,malloc;main;[unknown];__libc_start_main;_start
1771715257.2480812,967,10,malloc;main;[unknown];__libc_start_main;_start
1771715257.2532415,450,10,malloc;main;[unknown];__libc_start_main;_start
1771715257.2569892,936,1,malloc;main;[unknown];__libc_start_main;_start
1771715262.2635465,967,15,malloc;main;[unknown];__libc_start_main;_start
1771715262.2704914,450,15,malloc;main;[unknown];__libc_start_main;_start
1771715262.27359,936,1,malloc;main;[unknown];__libc_start_main;_start
1771715267.279709,967,20,malloc;main;[unknown];__libc_start_main;_start
1771715267.2865515,450,20,malloc;main;[unknown];__libc_start_main;_start
1771715267.2900708,936,2,malloc;main;[unknown];__libc_start_main;_start
1771715272.2952025,967,25,malloc;main;[unknown];__libc_start_main;_start
1771715272.3166826,450,25,malloc;main;[unknown];__libc_start_main;_start
1771715272.3210719,936,2,malloc;main;[unknown];__libc_start_main;_start
1771715277.3292334,967,30,malloc;main;[unknown];__libc_start_main;_start
1771715277.3358274,450,30,malloc;main;[unknown];__libc_start_main;_start
1771715277.3398647,936,3,malloc;main;[unknown];__libc_start_main;_start
1771715282.3447075,967,35,malloc;main;[unknown];__libc_start_main;_start
1771715282.3516536,450,35,malloc;main;[unknown];__libc_start_main;_start
1771715282.3562105,936,3,malloc;main;[unknown];__libc_start_main;_start
1771715287.3661768,967,40,malloc;main;[unknown];__libc_start_main;_start
1771715287.3737838,450,40,malloc;main;[unknown];__libc_start_main;_start
1771715287.3778605,936,4,malloc;main;[unknown];__libc_start_main;_start
1771715292.3868828,967,45,malloc;main;[unknown];__libc_start_main;_start
1771715292.3939667,450,45,malloc;main;[unknown];__libc_start_main;_start
1771715292.3989813,936,4,malloc;main;[unknown];__libc_start_main;_start
1771715297.4045851,967,50,malloc;main;[unknown];__libc_start_main;_start
1771715297.408964,450,50,malloc;main;[unknown];__libc_start_main;_start
1771715297.4138098,936,5,malloc;main;[unknown];__libc_start_main;_start
1771715302.4207125,967,55,malloc;main;[unknown];__libc_start_main;_start
1771715302.4392312,450,55,malloc;main;[unknown];__libc_start_main;_start
1771715302.4439101,936,5,malloc;main;[unknown];__libc_start_main;_start
1771715307.4521937,967,60,malloc;main;[unknown];__libc_start_main;_start
1771715307.45963,450,60,malloc;main;[unknown];__libc_start_main;_start
1771715307.463822,936,6,malloc;main;[unknown];__libc_start_main;_start
1771715312.4773788,967,65,malloc;main;[unknown];__libc_start_main;_start
1771715312.487013,450,65,malloc;main;[unknown];__libc_start_main;_start
1771715312.4903703,936,6,malloc;main;[unknown];__libc_start_main;_start
1771715317.4955795,967,70,malloc;main;[unknown];__libc_start_main;_start
1771715317.5059404,450,70,malloc;main;[unknown];__libc_start_main;_start
1771715317.5090144,936,7,malloc;main;[unknown];__libc_start_main;_start
1771715322.5187182,967,75,malloc;main;[unknown];__libc_start_main;_start
1771715322.5259492,450,75,malloc;main;[unknown];__libc_start_main;_start
1771715322.5301964,936,7,malloc;main;[unknown];__libc_start_main;_start
1771715327.5358825,967,80,malloc;main;[unknown];__libc_start_main;_start
1771715327.5426862,450,80,malloc;main;[unknown];__libc_start_main;_start
1771715327.546871,936,8,malloc;main;[unknown];__libc_start_main;_start
1771715332.5575209,967,85,malloc;main;[unknown];__libc_start_main;_start
1771715332.5635111,450,85,malloc;main;[unknown];__libc_start_main;_start
1771715332.5662835,936,8,malloc;main;[unknown];__libc_start_main;_start
1771715337.5755558,967,90,malloc;main;[unknown];__libc_start_main;_start
1771715337.5823596,450,90,malloc;main;[unknown];__libc_start_main;_start
1771715337.5867224,936,9,malloc;main;[unknown];__libc_start_main;_start
1771715342.5965362,967,95,malloc;main;[unknown];__libc_start_main;_start
1771715342.6025789,450,95,malloc;main;[unknown];__libc_start_main;_start
1771715342.6073139,936,9,malloc;main;[unknown];__libc_start_main;_start
1771715347.6150062,967,100,malloc;main;[unknown];__libc_start_main;_start
1771715347.625594,450,100,malloc;main;[unknown];__libc_start_main;_start
1771715347.6301546,936,10,malloc;main;[unknown];__libc_start_main;_start
1771715352.6374876,967,105,malloc;main;[unknown];__libc_start_main;_start
1771715352.6443813,450,105,malloc;main;[unknown];__libc_start_main;_start
1771715352.648563,936,10,malloc;main;[unknown];__libc_start_main;_start
1771715357.6557791,967,110,malloc;main;[unknown];__libc_start_main;_start
1771715357.6625378,450,110,malloc;main;[unknown];__libc_start_main;_start
1771715357.666906,936,11,malloc;main;[unknown];__libc_start_main;_start
1771715362.6766787,967,115,malloc;main;[unknown];__libc_start_main;_start
1771715362.6834657,450,115,malloc;main;[unknown];__libc_start_main;_start
1771715362.6879127,936,11,malloc;main;[unknown];__libc_start_main;_start
1771715367.6975708,967,120,malloc;main;[unknown];__libc_start_main;_start
1771715367.704704,450,120,malloc;main;[unknown];__libc_start_main;_start
1771715367.7082624,936,12,malloc;main;[unknown];__libc_start_main;_start
1771715372.7164874,967,125,malloc;main;[unknown];__libc_start_main;_start
1771715372.7233095,450,125,malloc;main;[unknown];__libc_start_main;_start
1771715372.7274299,936,12,malloc;main;[unknown];__libc_start_main;_start
1771715377.735706,967,130,malloc;main;[unknown];__libc_start_main;_start
1771715377.7397158,450,130,malloc;main;[unknown];__libc_start_main;_start
1771715377.7433262,936,13,malloc;main;[unknown];__libc_start_main;_start
1771715382.748018,967,135,malloc;main;[unknown];__libc_start_main;_start
1771715382.754234,450,135,malloc;main;[unknown];__libc_start_main;_start
1771715382.7575774,936,13,malloc;main;[unknown];__libc_start_main;_start
1771715387.7680576,967,140,malloc;main;[unknown];__libc_start_main;_start
1771715387.777663,450,140,malloc;main;[unknown];__libc_start_main;_start
1771715387.781096,936,14,malloc;main;[unknown];__libc_start_main;_start
1771715392.787605,967,145,malloc;main;[unknown];__libc_start_main;_start
1771715392.8111718,450,145,malloc;main;[unknown];__libc_start_main;_start
1771715392.8241372,936,14,malloc;main;[unknown];__libc_start_main;_start
1771715397.8446696,967,150,malloc;main;[unknown];__libc_start_main;_start
1771715397.8515942,450,150,malloc;main;[unknown];__libc_start_main;_start
1771715397.8554125,936,15,malloc;main;[unknown];__libc_start_main;_start
1771715402.8624067,967,155,malloc;main;[unknown];__libc_start_main;_start
1771715402.8748975,450,155,malloc;main;[unknown];__libc_start_main;_start
1771715402.878949,936,15,malloc;main;[unknown];__libc_start_main;_start
1771715407.887909,967,160,malloc;main;[unknown];__libc_start_main;_start
1771715407.8946874,450,160,malloc;main;[unknown];__libc_start_main;_start
1771715407.899764,936,16,malloc;main;[unknown];__libc_start_main;_start
1771715412.9104958,967,165,malloc;main;[unknown];__libc_start_main;_start
1771715412.9172878,450,165,malloc;main;[unknown];__libc_start_main;_start
1771715412.9213073,936,16,malloc;main;[unknown];__libc_start_main;_start
1771715417.928659,967,170,malloc;main;[unknown];__libc_start_main;_start
1771715417.9355955,450,170,malloc;main;[unknown];__libc_start_main;_start
1771715417.9401455,936,17,malloc;main;[unknown];__libc_start_main;_start
1771715422.9457722,967,175,malloc;main;[unknown];__libc_start_main;_start
1771715422.9524772,450,175,malloc;main;[unknown];__libc_start_main;_start
1771715422.9563007,936,17,malloc;main;[unknown];__libc_start_main;_start
1771715427.9633222,967,180,malloc;main;[unknown];__libc_start_main;_start
1771715427.969982,450,180,malloc;main;[unknown];__libc_start_main;_start
1771715427.973867,936,18,malloc;main;[unknown];__libc_start_main;_start
1771715432.9850435,967,185,malloc;main;[unknown];__libc_start_main;_start
1771715432.9943357,450,185,malloc;main;[unknown];__libc_start_main;_start
1771715432.997835,936,18,malloc;main;[unknown];__libc_start_main;_start
1771715438.007249,967,190,malloc;main;[unknown];__libc_start_main;_start
1771715438.0189023,450,190,malloc;main;[unknown];__libc_start_main;_start
1771715438.022831,936,19,malloc;main;[unknown];__libc_start_main;_start
1771715443.0294983,967,195,malloc;main;[unknown];__libc_start_main;_start
1771715443.0354838,450,195,malloc;main;[unknown];__libc_start_main;_start
1771715443.0395489,936,19,malloc;main;[unknown];__libc_start_main;_start
1771715448.043967,967,200,malloc;main;[unknown];__libc_start_main;_start
1771715448.0486224,450,200,malloc;main;[unknown];__libc_start_main;_start
1771715448.0530267,936,20,malloc;main;[unknown];__libc_start_main;_start
1771715453.0618827,967,205,malloc;main;[unknown];__libc_start_main;_start
1771715453.06611,450,205,malloc;main;[unknown];__libc_start_main;_start
1771715453.0697095,936,20,malloc;main;[unknown];__libc_start_main;_start
1771715458.0783215,967,210,malloc;main;[unknown];__libc_start_main;_start
1771715458.0848517,450,210,malloc;main;[unknown];__libc_start_main;_start
1771715458.0893233,936,21,malloc;main;[unknown];__libc_start_main;_start
1771715463.0998712,967,215,malloc;main;[unknown];__libc_start_main;_start
1771715463.1067927,450,215,malloc;main;[unknown];__libc_start_main;_start
1771715463.1110232,936,21,malloc;main;[unknown];__libc_start_main;_start
1771715468.121329,967,220,malloc;main;[unknown];__libc_start_main;_start
1771715468.128431,450,220,malloc;main;[unknown];__libc_start_main;_start
1771715468.1325927,936,22,malloc;main;[unknown];__libc_start_main;_start
1771715473.1388345,967,225,malloc;main;[unknown];__libc_start_main;_start
1771715473.145084,450,225,malloc;main;[unknown];__libc_start_main;_start
1771715473.1491942,936,22,malloc;main;[unknown];__libc_start_main;_start
1771715478.157437,967,230,malloc;main;[unknown];__libc_start_main;_start
1771715478.1683269,450,230,malloc;main;[unknown];__libc_start_main;_start
1771715478.1724393,936,23,malloc;main;[unknown];__libc_start_main;_start
1771715483.1797245,967,235,malloc;main;[unknown];__libc_start_main;_start
1771715483.1867025,450,235,malloc;main;[unknown];__libc_start_main;_start
1771715483.1904533,936,23,malloc;main;[unknown];__libc_start_main;_start
1771715488.201669,967,240,malloc;main;[unknown];__libc_start_main;_start
1771715488.2141428,450,240,malloc;main;[unknown];__libc_start_main;_start
1771715488.217417,936,24,malloc;main;[unknown];__libc_start_main;_start
1771715493.2225912,967,245,malloc;main;[unknown];__libc_start_main;_start
1771715493.2297637,450,245,malloc;main;[unknown];__libc_start_main;_start
1771715493.2345815,936,24,malloc;main;[unknown];__libc_start_main;_start
1771715498.2452252,967,250,malloc;main;[unknown];__libc_start_main;_start
1771715498.2521842,450,250,malloc;main;[unknown];__libc_start_main;_start
1771715498.255651,936,25,malloc;main;[unknown];__libc_start_main;_start
1771715503.263208,967,255,malloc;main;[unknown];__libc_start_main;_start
1771715503.2700317,450,255,malloc;main;[unknown];__libc_start_main;_start
1771715503.2738276,936,25,malloc;main;[unknown];__libc_start_main;_start
1771715508.2968173,967,260,malloc;main;[unknown];__libc_start_main;_start
1771715508.3036714,450,260,malloc;main;[unknown];__libc_start_main;_start
1771715508.3072193,936,26,malloc;main;[unknown];__libc_start_main;_start
1771715513.3161573,967,265,malloc;main;[unknown];__libc_start_main;_start
1771715513.3216283,450,265,malloc;main;[unknown];__libc_start_main;_start
1771715513.3253257,936,26,malloc;main;[unknown];__libc_start_main;_start
1771715518.3346176,967,270,malloc;main;[unknown];__libc_start_main;_start
1771715518.344148,450,270,malloc;main;[unknown];__libc_start_main;_start
1771715518.3478456,936,27,malloc;main;[unknown];__libc_start_main;_start
1771715523.3560307,967,275,malloc;main;[unknown];__libc_start_main;_start
1771715523.3628278,450,275,malloc;main;[unknown];__libc_start_main;_start
1771715523.366498,936,27,malloc;main;[unknown];__libc_start_main;_start
1771715528.375997,967,280,malloc;main;[unknown];__libc_start_main;_start
1771715528.3886192,450,280,malloc;main;[unknown];__libc_start_main;_start
1771715528.3923163,936,28,malloc;main;[unknown];__libc_start_main;_start
1771715533.3979666,967,285,malloc;main;[unknown];__libc_start_main;_start
1771715533.4020767,450,285,malloc;main;[unknown];__libc_start_main;_start
1771715533.4031708,936,28,malloc;main;[unknown];__libc_start_main;_start
1771715538.4125051,967,290,malloc;main;[unknown];__libc_start_main;_start
1771715538.437797,450,290,malloc;main;[unknown];__libc_start_main;_start
1771715538.4412303,936,29,malloc;main;[unknown];__libc_start_main;_start
1771715543.4470286,967,295,malloc;main;[unknown];__libc_start_main;_start
1771715543.4526768,450,295,malloc;main;[unknown];__libc_start_main;_start
1771715543.4562318,936,29,malloc;main;[unknown];__libc_start_main;_start
1771715548.4647405,967,300,malloc;main;[unknown];__libc_start_main;_start
1771715548.4766915,450,300,malloc;main;[unknown];__libc_start_main;_start
1771715548.4802318,936,30,malloc;main;[unknown];__libc_start_main;_start
1771715553.4987981,967,305,malloc;main;[unknown];__libc_start_main;_start
1771715553.5079951,450,305,malloc;main;[unknown];__libc_start_main;_start
1771715553.5114172,936,30,malloc;main;[unknown];__libc_start_main;_start
1771715558.5173225,967,310,malloc;main;[unknown];__libc_start_main;_start
1771715558.5395453,450,310,malloc;main;[unknown];__libc_start_main;_start
1771715558.5429857,936,31,malloc;main;[unknown];__libc_start_main;_start
1771715563.5578258,967,315,malloc;main;[unknown];__libc_start_main;_start
1771715563.5665393,450,315,malloc;main;[unknown];__libc_start_main;_start
1771715563.569059,936,31,malloc;main;[unknown];__libc_start_main;_start
1771715568.573199,967,320,malloc;main;[unknown];__libc_start_main;_start
1771715568.576476,450,320,malloc;main;[unknown];__libc_start_main;_start
1771715568.5788534,936,32,malloc;main;[unknown];__libc_start_main;_start
1771715573.5829632,967,325,malloc;main;[unknown];__libc_start_main;_start
1771715573.5857384,450,325,malloc;main;[unknown];__libc_start_main;_start
1771715573.58795,936,32,malloc;main;[unknown];__libc_start_main;_start
1771715578.5923934,967,330,malloc;main;[unknown];__libc_start_main;_start
1771715578.5970297,450,330,malloc;main;[unknown];__libc_start_main;_start
1771715578.6014369,936,33,malloc;main;[unknown];__libc_start_main;_start
1771715583.6122,967,335,malloc;main;[unknown];__libc_start_main;_start
1771715583.645151,450,335,malloc;main;[unknown];__libc_start_main;_start
1771715583.6481493,936,33,malloc;main;[unknown];__libc_start_main;_start
1771715588.6572578,967,340,malloc;main;[unknown];__libc_start_main;_start
1771715588.6627765,450,340,malloc;main;[unknown];__libc_start_main;_start
1771715588.665685,936,34,malloc;main;[unknown];__libc_start_main;_start
1771715593.6727252,967,345,malloc;main;[unknown];__libc_start_main;_start
1771715593.6794486,450,345,malloc;main;[unknown];__libc_start_main;_start
1771715593.6837456,936,34,malloc;main;[unknown];__libc_start_main;_start
1771715598.6889536,967,350,malloc;main;[unknown];__libc_start_main;_start
1771715598.6954746,450,350,malloc;main;[unknown];__libc_start_main;_start
1771715598.7008698,936,35,malloc;main;[unknown];__libc_start_main;_start
1771715603.7100468,967,355,malloc;main;[unknown];__libc_start_main;_start
1771715603.7166398,450,355,malloc;main;[unknown];__libc_start_main;_start
1771715603.7200906,936,35,malloc;main;[unknown];__libc_start_main;_start
1771715608.7316017,967,360,malloc;main;[unknown];__libc_start_main;_start
1771715608.7442312,450,360,malloc;main;[unknown];__libc_start_main;_start
1771715608.7472963,936,36,malloc;main;[unknown];__libc_start_main;_start
1771715613.7536669,967,365,malloc;main;[unknown];__libc_start_main;_start
1771715613.7603672,450,365,malloc;main;[unknown];__libc_start_main;_start
1771715613.7644227,936,36,malloc;main;[unknown];__libc_start_main;_start
1771715618.7733736,967,370,malloc;main;[unknown];__libc_start_main;_start
1771715618.7770724,450,370,malloc;main;[unknown];__libc_start_main;_start
1771715618.7805595,936,37,malloc;main;[unknown];__libc_start_main;_start
1771715623.7903802,967,375,malloc;main;[unknown];__libc_start_main;_start
1771715623.7974403,450,375,malloc;main;[unknown];__libc_start_main;_start
1771715623.801554,936,37,malloc;main;[unknown];__libc_start_main;_start
1771715628.8179958,967,380,malloc;main;[unknown];__libc_start_main;_start
1771715628.830558,450,380,malloc;main;[unknown];__libc_start_main;_start
1771715628.834975,936,38,malloc;main;[unknown];__libc_start_main;_start
1771715633.8464067,967,385,malloc;main;[unknown];__libc_start_main;_start
1771715633.8587725,450,385,malloc;main;[unknown];__libc_start_main;_start
1771715633.8621542,936,38,malloc;main;[unknown];__libc_start_main;_start
1771715638.8681922,967,390,malloc;main;[unknown];__libc_start_main;_start
1771715638.8717973,450,390,malloc;main;[unknown];__libc_start_main;_start
1771715638.8747125,936,39,malloc;main;[unknown];__libc_start_main;_start
1771715643.8828373,967,395,malloc;main;[unknown];__libc_start_main;_start
1771715643.889232,450,395,malloc;main;[unknown];__libc_start_main;_start
1771715643.893409,936,39,malloc;main;[unknown];__libc_start_main;_start
1771715648.9073892,967,400,malloc;main;[unknown];__libc_start_main;_start
1771715648.9140797,450,400,malloc;main;[unknown];__libc_start_main;_start
1771715648.9192905,936,40,malloc;main;[unknown];__libc_start_main;_start
1771715653.9325738,967,405,malloc;main;[unknown];__libc_start_main;_start
1771715653.9425871,450,405,malloc;main;[unknown];__libc_start_main;_start
1771715653.9455245,936,40,malloc;main;[unknown];__libc_start_main;_start
1771715658.9540613,967,410,malloc;main;[unknown];__libc_start_main;_start
1771715658.9607854,450,410,malloc;main;[unknown];__libc_start_main;_start
1771715658.9651878,936,41,malloc;main;[unknown];__libc_start_main;_start
1771715663.9740293,967,415,malloc;main;[unknown];__libc_start_main;_start
1771715663.9804513,450,415,malloc;main;[unknown];__libc_start_main;_start
1771715663.9847934,936,41,malloc;main;[unknown];__libc_start_main;_start
1771715668.9932027,967,420,malloc;main;[unknown];__libc_start_main;_start
1771715669.0186172,450,420,malloc;main;[unknown];__libc_start_main;_start
1771715669.0237014,936,42,malloc;main;[unknown];__libc_start_main;_start
1771715674.0407329,967,425,malloc;main;[unknown];__libc_start_main;_start
1771715674.0567138,450,425,malloc;main;[unknown];__libc_start_main;_start
1771715674.059962,936,42,malloc;main;[unknown];__libc_start_main;_start
1771715679.0657003,967,430,malloc;main;[unknown];__libc_start_main;_start
1771715679.0726142,450,430,malloc;main;[unknown];__libc_start_main;_start
1771715679.0768743,936,43,malloc;main;[unknown];__libc_start_main;_start
1771715684.099709,967,435,malloc;main;[unknown];__libc_start_main;_start
1771715684.118155,450,435,malloc;main;[unknown];__libc_start_main;_start
1771715684.121014,936,43,malloc;main;[unknown];__libc_start_main;_start
1771715689.1283846,967,440,malloc;main;[unknown];__libc_start_main;_start
1771715689.1336026,450,440,malloc;main;[unknown];__libc_start_main;_start
1771715689.1368315,936,44,malloc;main;[unknown];__libc_start_main;_start
1771715694.1428642,967,445,malloc;main;[unknown];__libc_start_main;_start
1771715694.1482403,450,445,malloc;main;[unknown];__libc_start_main;_start
1771715694.1520903,936,44,malloc;main;[unknown];__libc_start_main;_start
1771715699.1645916,967,450,malloc;main;[unknown];__libc_start_main;_start
1771715699.1804287,450,450,malloc;main;[unknown];__libc_start_main;_start
1771715699.182901,936,45,malloc;main;[unknown];__libc_start_main;_start
1771715704.1910617,967,455,malloc;main;[unknown];__libc_start_main;_start
1771715704.2073946,450,455,malloc;main;[unknown];__libc_start_main;_start
1771715704.2102108,936,45,malloc;main;[unknown];__libc_start_main;_start
1771715709.2196472,967,460,malloc;main;[unknown];__libc_start_main;_start
1771715709.2258022,450,460,malloc;main;[unknown];__libc_start_main;_start
1771715709.2290344,936,46,malloc;main;[unknown];__libc_start_main;_start
1771715714.2381015,967,465,malloc;main;[unknown];__libc_start_main;_start
1771715714.245559,450,465,malloc;main;[unknown];__libc_start_main;_start
1771715714.2491813,936,46,malloc;main;[unknown];__libc_start_main;_start
1771715719.2573626,967,470,malloc;main;[unknown];__libc_start_main;_start
1771715719.264336,450,470,malloc;main;[unknown];__libc_start_main;_start
1771715719.26845,936,47,malloc;main;[unknown];__libc_start_main;_start
1771715724.2750769,967,475,malloc;main;[unknown];__libc_start_main;_start
1771715724.2819567,450,475,malloc;main;[unknown];__libc_start_main;_start
1771715724.286332,936,47,malloc;main;[unknown];__libc_start_main;_start
1771715729.291138,967,480,malloc;main;[unknown];__libc_start_main;_start
1771715729.2964098,450,480,malloc;main;[unknown];__libc_start_main;_start
1771715729.3016646,936,48,malloc;main;[unknown];__libc_start_main;_start
1771715734.3083978,967,485,malloc;main;[unknown];__libc_start_main;_start
1771715734.3127832,450,485,malloc;main;[unknown];__libc_start_main;_start
1771715734.3153374,936,48,malloc;main;[unknown];__libc_start_main;_start
1771715739.321839,967,490,malloc;main;[unknown];__libc_start_main;_start
1771715739.3326898,450,490,malloc;main;[unknown];__libc_start_main;_start
1771715739.3358364,936,49,malloc;main;[unknown];__libc_start_main;_start
1771715744.3434734,967,495,malloc;main;[unknown];__libc_start_main;_start
1771715744.3503475,450,495,malloc;main;[unknown];__libc_start_main;_start
1771715744.3538332,936,49,malloc;main;[unknown];__libc_start_main;_start
1771715749.3606236,967,500,malloc;main;[unknown];__libc_start_main;_start
1771715749.3675067,450,500,malloc;main;[unknown];__libc_start_main;_start
1771715749.3715796,936,50,malloc;main;[unknown];__libc_start_main;_start
1771715754.3782718,967,505,malloc;main;[unknown];__libc_start_main;_start
1771715754.3851902,450,505,malloc;main;[unknown];__libc_start_main;_start
1771715754.3890374,936,50,malloc;main;[unknown];__libc_start_main;_start
1771715759.394248,967,510,malloc;main;[unknown];__libc_start_main;_start
1771715759.3984053,450,510,malloc;main;[unknown];__libc_start_main;_start
1771715759.4015741,936,51,malloc;main;[unknown];__libc_start_main;_start
1771715764.4083426,967,515,malloc;main;[unknown];__libc_start_main;_start
1771715764.4153845,450,515,malloc;main;[unknown];__libc_start_main;_start
1771715764.4188497,936,51,malloc;main;[unknown];__libc_start_main;_start
1771715769.500387,967,520,malloc;main;[unknown];__libc_start_main;_start
1771715769.5035193,450,520,malloc;main;[unknown];__libc_start_main;_start
1771715769.5058546,936,52,malloc;main;[unknown];__libc_start_main;_start
1771715774.5144577,967,525,malloc;main;[unknown];__libc_start_main;_start
1771715774.5272088,450,525,malloc;main;[unknown];__libc_start_main;_start
1771715774.5308282,936,52,malloc;main;[unknown];__libc_start_main;_start
1771715779.5417032,967,530,malloc;main;[unknown];__libc_start_main;_start
1771715779.5465782,450,530,malloc;main;[unknown];__libc_start_main;_start
1771715779.549943,936,53,malloc;main;[unknown];__libc_start_main;_start
1771715784.5580876,967,535,malloc;main;[unknown];__libc_start_main;_start
1771715784.565415,450,535,malloc;main;[unknown];__libc_start_main;_start
1771715784.5697956,936,53,malloc;main;[unknown];__libc_start_main;_start
1771715789.5790489,967,540,malloc;main;[unknown];__libc_start_main;_start
1771715789.5855503,450,540,malloc;main;[unknown];__libc_start_main;_start
1771715789.5894127,936,54,malloc;main;[unknown];__libc_start_main;_start
1771715794.5965993,967,545,malloc;main;[unknown];__libc_start_main;_start
1771715794.6028516,450,545,malloc;main;[unknown];__libc_start_main;_start
1771715794.6062424,936,54,malloc;main;[unknown];__libc_start_main;_start
1771715799.612725,967,550,malloc;main;[unknown];__libc_start_main;_start
1771715799.6196682,450,550,malloc;main;[unknown];__libc_start_main;_start
1771715799.6232693,936,55,malloc;main;[unknown];__libc_start_main;_start
1771715804.6294525,967,555,malloc;main;[unknown];__libc_start_main;_start
1771715804.6355085,450,555,malloc;main;[unknown];__libc_start_main;_start
1771715804.6397479,936,55,malloc;main;[unknown];__libc_start_main;_start
1771715809.6460066,967,560,malloc;main;[unknown];__libc_start_main;_start
1771715809.6526308,450,560,malloc;main;[unknown];__libc_start_main;_start
1771715809.6562726,936,56,malloc;main;[unknown];__libc_start_main;_start
1771715814.6617084,967,565,malloc;main;[unknown];__libc_start_main;_start
1771715814.6665304,450,565,malloc;main;[unknown];__libc_start_main;_start
1771715814.671841,936,56,malloc;main;[unknown];__libc_start_main;_start
1771715819.6826081,967,570,malloc;main;[unknown];__libc_start_main;_start
1771715819.689967,450,570,malloc;main;[unknown];__libc_start_main;_start
1771715819.6948862,936,57,malloc;main;[unknown];__libc_start_main;_start
1771715824.7017512,967,575,malloc;main;[unknown];__libc_start_main;_start
1771715824.7151,450,575,malloc;main;[unknown];__libc_start_main;_start
1771715824.7185943,936,57,malloc;main;[unknown];__libc_start_main;_start
1771715829.726693,967,580,malloc;main;[unknown];__libc_start_main;_start
1771715829.7317486,450,580,malloc;main;[unknown];__libc_start_main;_start
1771715829.7354493,936,58,malloc;main;[unknown];__libc_start_main;_start
1771715834.7409267,967,585,malloc;main;[unknown];__libc_start_main;_start
1771715834.7473073,450,585,malloc;main;[unknown];__libc_start_main;_start
1771715834.7507243,936,58,malloc;main;[unknown];__libc_start_main;_start
1771715839.7618093,967,590,malloc;main;[unknown];__libc_start_main;_start
1771715839.7701466,450,590,malloc;main;[unknown];__libc_start_main;_start
1771715839.7739394,936,59,malloc;main;[unknown];__libc_start_main;_start
1771715844.7839394,967,595,malloc;main;[unknown];__libc_start_main;_start
1771715844.7930465,450,595,malloc;main;[unknown];__libc_start_main;_start
1771715844.7959578,936,59,malloc;main;[unknown];__libc_start_main;_start
1771715849.8110106,967,600,malloc;main;[unknown];__libc_start_main;_start
1771715849.8218799,450,600,malloc;main;[unknown];__libc_start_main;_start
1771715849.824732,936,60,malloc;main;[unknown];__libc_start_main;_start
1771715854.8340375,967,605,malloc;main;[unknown];__libc_start_main;_start
1771715854.840908,450,605,malloc;main;[unknown];__libc_start_main;_start
1771715854.8445294,936,60,malloc;main;[unknown];__libc_start_main;_start
1771715859.8534923,967,610,malloc;main;[unknown];__libc_start_main;_start
1771715859.8603134,450,610,malloc;main;[unknown];__libc_start_main;_start
1771715859.864369,936,61,malloc;main;[unknown];__libc_start_main;_start
1771715864.882299,967,615,malloc;main;[unknown];__libc_start_main;_start
1771715864.9342318,450,615,malloc;main;[unknown];__libc_start_main;_start
1771715864.9360595,936,61,malloc;main;[unknown];__libc_start_main;_start
1771715869.953763,967,620,malloc;main;[unknown];__libc_start_main;_start
1771715869.983326,450,620,malloc;main;[unknown];__libc_start_main;_start
1771715869.9854467,936,62,malloc;main;[unknown];__libc_start_main;_start
1771715875.006675,967,625,malloc;main;[unknown];__libc_start_main;_start
1771715875.0302894,450,625,malloc;main;[unknown];__libc_start_main;_start
1771715875.0320656,936,62,malloc;main;[unknown];__libc_start_main;_start
1771715880.0444648,967,630,malloc;main;[unknown];__libc_start_main;_start
1771715880.074068,450,630,malloc;main;[unknown];__libc_start_main;_start
1771715880.076407,936,63,malloc;main;[unknown];__libc_start_main;_start
1771715885.0930102,967,635,malloc;main;[unknown];__libc_start_main;_start
1771715885.1128685,450,635,malloc;main;[unknown];__libc_start_main;_start
1771715885.1146104,936,63,malloc;main;[unknown];__libc_start_main;_start
1771715890.1242197,967,640,malloc;main;[unknown];__libc_start_main;_start
1771715890.1392033,450,640,malloc;main;[unknown];__libc_start_main;_start
1771715890.1426961,936,64,malloc;main;[unknown];__libc_start_main;_start
1771715895.1542697,967,645,malloc;main;[unknown];__libc_start_main;_start
1771715895.1597636,450,645,malloc;main;[unknown];__libc_start_main;_start
1771715895.1640668,936,64,malloc;main;[unknown];__libc_start_main;_start
1771715900.1934452,967,650,malloc;main;[unknown];__libc_start_main;_start
1771715900.2277477,450,650,malloc;main;[unknown];__libc_start_main;_start
1771715900.2297945,936,65,malloc;main;[unknown];__libc_start_main;_start
1771715905.2543788,967,655,malloc;main;[unknown];__libc_start_main;_start
1771715905.433725,450,655,malloc;main;[unknown];__libc_start_main;_start
1771715905.4424894,936,65,malloc;main;[unknown];__libc_start_main;_start
1771715910.4641397,967,661,malloc;main;[unknown];__libc_start_main;_start
1771715910.4904451,450,661,malloc;main;[unknown];__libc_start_main;_start
1771715910.4923818,936,66,malloc;main;[unknown];__libc_start_main;_start
1771715915.5060863,967,666,malloc;main;[unknown];__libc_start_main;_start
1771715915.5257592,450,666,malloc;main;[unknown];__libc_start_main;_start
1771715915.527655,936,66,malloc;main;[unknown];__libc_start_main;_start
1771715920.5456054,967,671,malloc;main;[unknown];__libc_start_main;_start
1771715920.5652382,450,671,malloc;main;[unknown];__libc_start_main;_start
1771715920.5671704,936,67,malloc;main;[unknown];__libc_start_main;_start
1771715925.5840273,967,676,malloc;main;[unknown];__libc_start_main;_start
1771715925.6099746,450,676,malloc;main;[unknown];__libc_start_main;_start
1771715925.6124578,936,67,malloc;main;[unknown];__libc_start_main;_start
1771715930.6265564,967,681,malloc;main;[unknown];__libc_start_main;_start
1771715930.644658,450,681,malloc;main;[unknown];__libc_start_main;_start
1771715930.646135,936,68,malloc;main;[unknown];__libc_start_main;_start
1771715935.6594806,967,686,malloc;main;[unknown];__libc_start_main;_start
1771715935.68636,450,686,malloc;main;[unknown];__libc_start_main;_start
1771715935.6895785,936,68,malloc;main;[unknown];__libc_start_main;_start
1771715940.7047212,967,691,malloc;main;[unknown];__libc_start_main;_start
1771715940.7321024,450,691,malloc;main;[unknown];__libc_start_main;_start
1771715940.7336879,936,69,malloc;main;[unknown];__libc_start_main;_start
1771715945.7449667,967,696,malloc;main;[unknown];__libc_start_main;_start
1771715945.7594833,450,696,malloc;main;[unknown];__libc_start_main;_start
1771715945.7623868,936,69,malloc;main;[unknown];__libc_start_main;_start
1771715950.7704618,967,701,malloc;main;[unknown];__libc_start_main;_start
1771715950.7746155,450,701,malloc;main;[unknown];__libc_start_main;_start
1771715950.7773683,936,70,malloc;main;[unknown];__libc_start_main;_start
1771715955.794268,967,706,malloc;main;[unknown];__libc_start_main;_start
1771715955.8184192,450,706,malloc;main;[unknown];__libc_start_main;_start
1771715955.8198872,936,70,malloc;main;[unknown];__libc_start_main;_start
1771715960.8374174,967,711,malloc;main;[unknown];__libc_start_main;_start
1771715960.862501,450,711,malloc;main;[unknown];__libc_start_main;_start
1771715960.8639758,936,71,malloc;main;[unknown];__libc_start_main;_start
1771715965.8734856,967,716,malloc;main;[unknown];__libc_start_main;_start
1771715965.8834553,450,716,malloc;main;[unknown];__libc_start_main;_start
1771715965.8873,936,71,malloc;main;[unknown];__libc_start_main;_start
1771715970.8945408,967,721,malloc;main;[unknown];__libc_start_main;_start
1771715970.89766,450,721,malloc;main;[unknown];__libc_start_main;_start
1771715970.90043,936,72,malloc;main;[unknown];__libc_start_main;_start
1771715975.908444,967,726,malloc;main;[unknown];__libc_start_main;_start
1771715975.9125,450,726,malloc;main;[unknown];__libc_start_main;_start
1771715975.9163003,936,72,malloc;main;[unknown];__libc_start_main;_start
1771715980.925283,967,731,malloc;main;[unknown];__libc_start_main;_start
1771715980.9335358,450,731,malloc;main;[unknown];__libc_start_main;_start
1771715980.9359725,936,73,malloc;main;[unknown];__libc_start_main;_start
1771715985.9438474,967,736,malloc;main;[unknown];__libc_start_main;_start
1771715985.9486244,450,736,malloc;main;[unknown];__libc_start_main;_start
1771715985.953444,936,73,malloc;main;[unknown];__libc_start_main;_start
1771715990.9706528,967,741,malloc;main;[unknown];__libc_start_main;_start
1771715990.9938464,450,741,malloc;main;[unknown];__libc_start_main;_start
1771715990.995053,936,74,malloc;main;[unknown];__libc_start_main;_start
1771715996.003707,967,746,malloc;main;[unknown];__libc_start_main;_start
1771715996.0073457,450,746,malloc;main;[unknown];__libc_start_main;_start
1771715996.0110602,936,74,malloc;main;[unknown];__libc_start_main;_start
1771716001.0173335,967,751,malloc;main;[unknown];__libc_start_main;_start
1771716001.0225623,450,751,malloc;main;[unknown];__libc_start_main;_start
1771716001.0276668,936,75,malloc;main;[unknown];__libc_start_main;_start
1771716006.0368185,967,756,malloc;main;[unknown];__libc_start_main;_start
1771716006.0414083,450,756,malloc;main;[unknown];__libc_start_main;_start
1771716006.0473993,936,75,malloc;main;[unknown];__libc_start_main;_start
1771716011.0570436,967,761,malloc;main;[unknown];__libc_start_main;_start
1771716011.0608613,450,761,malloc;main;[unknown];__libc_start_main;_start
1771716011.063694,936,76,malloc;main;[unknown];__libc_start_main;_start
1771716016.0703714,967,766,malloc;main;[unknown];__libc_start_main;_start
1771716016.0776033,450,766,malloc;main;[unknown];__libc_start_main;_start
1771716016.0819879,936,76,malloc;main;[unknown];__libc_start_main;_start
1771716021.088278,967,771,malloc;main;[unknown];__libc_start_main;_start
1771716021.0916343,450,771,malloc;main;[unknown];__libc_start_main;_start
1771716021.094453,936,77,malloc;main;[unknown];__libc_start_main;_start
1771716026.1022744,967,776,malloc;main;[unknown];__libc_start_main;_start
1771716026.1060827,450,776,malloc;main;[unknown];__libc_start_main;_start
1771716026.1106014,936,77,malloc;main;[unknown];__libc_start_main;_start
1771716031.1223323,967,781,malloc;main;[unknown];__libc_start_main;_start
1771716031.135312,450,781,malloc;main;[unknown];__libc_start_main;_start
1771716031.1384625,936,78,malloc;main;[unknown];__libc_start_main;_start
1771716036.1453018,967,786,malloc;main;[unknown];__libc_start_main;_start
1771716036.150651,450,786,malloc;main;[unknown];__libc_start_main;_start
1771716036.154114,936,78,malloc;main;[unknown];__libc_start_main;_start
1771716041.1616566,967,791,malloc;main;[unknown];__libc_start_main;_start
1771716041.166972,450,791,malloc;main;[unknown];__libc_start_main;_start
1771716041.1758587,936,79,malloc;main;[unknown];__libc_start_main;_start
1771716046.185318,967,796,malloc;main;[unknown];__libc_start_main;_start
1771716046.1924105,450,796,malloc;main;[unknown];__libc_start_main;_start
1771716046.1972528,936,79,malloc;main;[unknown];__libc_start_main;_start
1771716051.2052848,967,801,malloc;main;[unknown];__libc_start_main;_start
1771716051.209381,450,801,malloc;main;[unknown];__libc_start_main;_start
1771716051.2168381,936,80,malloc;main;[unknown];__libc_start_main;_start
1771716056.2441626,967,806,malloc;main;[unknown];__libc_start_main;_start
1771716056.2703907,450,806,malloc;main;[unknown];__libc_start_main;_start
1771716056.2732606,936,80,malloc;main;[unknown];__libc_start_main;_start
1771716061.2818723,967,811,malloc;main;[unknown];__libc_start_main;_start
1771716061.2879608,450,811,malloc;main;[unknown];__libc_start_main;_start
1771716061.2910037,936,81,malloc;main;[unknown];__libc_start_main;_start
1771716066.295199,967,816,malloc;main;[unknown];__libc_start_main;_start
1771716066.3005517,450,816,malloc;main;[unknown];__libc_start_main;_start
1771716066.3058424,936,81,malloc;main;[unknown];__libc_start_main;_start
1771716071.3233712,967,821,malloc;main;[unknown];__libc_start_main;_start
1771716071.3518615,450,821,malloc;main;[unknown];__libc_start_main;_start
1771716071.3548598,936,82,malloc;main;[unknown];__libc_start_main;_start
1771716076.363837,967,826,malloc;main;[unknown];__libc_start_main;_start
1771716076.3707545,450,826,malloc;main;[unknown];__libc_start_main;_start
1771716076.3749373,936,82,malloc;main;[unknown];__libc_start_main;_start
1771716081.3823216,967,831,malloc;main;[unknown];__libc_start_main;_start
1771716081.389057,450,831,malloc;main;[unknown];__libc_start_main;_start
1771716081.3931074,936,83,malloc;main;[unknown];__libc_start_main;_start
1771716086.3981686,967,836,malloc;main;[unknown];__libc_start_main;_start
1771716086.403311,450,836,malloc;main;[unknown];__libc_start_main;_start
1771716086.4076605,936,83,malloc;main;[unknown];__libc_start_main;_start
1771716091.4157777,967,841,malloc;main;[unknown];__libc_start_main;_start
1771716091.4228523,450,841,malloc;main;[unknown];__libc_start_main;_start
1771716091.4277573,936,84,malloc;main;[unknown];__libc_start_main;_start
1771716096.4365668,967,846,malloc;main;[unknown];__libc_start_main;_start
1771716096.443866,450,846,malloc;main;[unknown];__libc_start_main;_start
1771716096.4478047,936,84,malloc;main;[unknown];__libc_start_main;_start
1771716101.4577823,967,851,malloc;main;[unknown];__libc_start_main;_start
1771716101.4638376,450,851,malloc;main;[unknown];__libc_start_main;_start
1771716101.468633,936,85,malloc;main;[unknown];__libc_start_main;_start
1771716106.4785337,967,856,malloc;main;[unknown];__libc_start_main;_start
1771716106.4892564,450,856,malloc;main;[unknown];__libc_start_main;_start
1771716106.492879,936,85,malloc;main;[unknown];__libc_start_main;_start
1771716111.5019767,967,861,malloc;main;[unknown];__libc_start_main;_start
1771716111.511093,450,861,malloc;main;[unknown];__libc_start_main;_start
1771716111.5148108,936,86,malloc;main;[unknown];__libc_start_main;_start
1771716116.5253873,967,866,malloc;main;[unknown];__libc_start_main;_start
1771716116.532556,450,866,malloc;main;[unknown];__libc_start_main;_start
1771716116.5367398,936,86,malloc;main;[unknown];__libc_start_main;_start
1771716121.5421617,967,871,malloc;main;[unknown];__libc_start_main;_start
1771716121.546246,450,871,malloc;main;[unknown];__libc_start_main;_start
1771716121.5499341,936,87,malloc;main;[unknown];__libc_start_main;_start
1771716126.559439,967,876,malloc;main;[unknown];__libc_start_main;_start
1771716126.5662782,450,876,malloc;main;[unknown];__libc_start_main;_start
1771716126.5698276,936,87,malloc;main;[unknown];__libc_start_main;_start
1771716131.5755038,967,881,malloc;main;[unknown];__libc_start_main;_start
1771716131.5797415,450,881,malloc;main;[unknown];__libc_start_main;_start
1771716131.5848594,936,88,malloc;main;[unknown];__libc_start_main;_start
1771716136.594887,967,886,malloc;main;[unknown];__libc_start_main;_start
1771716136.599738,450,886,malloc;main;[unknown];__libc_start_main;_start
1771716136.6042101,936,88,malloc;main;[unknown];__libc_start_main;_start
1771716141.619685,967,891,malloc;main;[unknown];__libc_start_main;_start
1771716141.646066,450,891,malloc;main;[unknown];__libc_start_main;_start
1771716141.6491704,936,89,malloc;main;[unknown];__libc_start_main;_start
1771716146.6560364,967,896,malloc;main;[unknown];__libc_start_main;_start
1771716146.661316,450,896,malloc;main;[unknown];__libc_start_main;_start
1771716146.6656225,936,89,malloc;main;[unknown];__libc_start_main;_start
1771716151.6791074,967,901,malloc;main;[unknown];__libc_start_main;_start
1771716151.6945422,450,901,malloc;main;[unknown];__libc_start_main;_start
1771716151.6959121,936,90,malloc;main;[unknown];__libc_start_main;_start
1771716156.7063699,967,906,malloc;main;[unknown];__libc_start_main;_start
1771716156.7263165,450,906,malloc;main;[unknown];__libc_start_main;_start
1771716156.7296429,936,90,malloc;main;[unknown];__libc_start_main;_start
1771716161.7378523,967,911,malloc;main;[unknown];__libc_start_main;_start
1771716161.7448356,450,911,malloc;main;[unknown];__libc_start_main;_start
1771716161.7482297,936,91,malloc;main;[unknown];__libc_start_main;_start
1771716166.7543716,967,916,malloc;main;[unknown];__libc_start_main;_start
1771716166.7586005,450,916,malloc;main;[unknown];__libc_start_main;_start
1771716166.7622247,936,91,malloc;main;[unknown];__libc_start_main;_start
1771716171.7820952,967,921,malloc;main;[unknown];__libc_start_main;_start
1771716171.8087895,450,921,malloc;main;[unknown];__libc_start_main;_start
1771716171.811699,936,92,malloc;main;[unknown];__libc_start_main;_start
1771716176.8200305,967,926,malloc;main;[unknown];__libc_start_main;_start
1771716176.8271115,450,926,malloc;main;[unknown];__libc_start_main;_start
1771716176.830867,936,92,malloc;main;[unknown];__libc_start_main;_start
1771716181.8409953,967,931,malloc;main;[unknown];__libc_start_main;_start
1771716181.8494225,450,931,malloc;main;[unknown];__libc_start_main;_start
1771716181.8542643,936,93,malloc;main;[unknown];__libc_start_main;_start
1771716186.8627224,967,936,malloc;main;[unknown];__libc_start_main;_start
1771716186.8696089,450,936,malloc;main;[unknown];__libc_start_main;_start
1771716186.873261,936,93,malloc;main;[unknown];__libc_start_main;_start
1771716191.881087,967,941,malloc;main;[unknown];__libc_start_main;_start
1771716191.8868911,450,941,malloc;main;[unknown];__libc_start_main;_start
1771716191.8908222,936,94,malloc;main;[unknown];__libc_start_main;_start
1771716196.903781,967,946,malloc;main;[unknown];__libc_start_main;_start
1771716196.9254355,450,946,malloc;main;[unknown];__libc_start_main;_start
1771716196.930858,936,94,malloc;main;[unknown];__libc_start_main;_start
1771716201.954684,967,951,malloc;main;[unknown];__libc_start_main;_start
1771716201.9789114,450,951,malloc;main;[unknown];__libc_start_main;_start
1771716201.9812374,936,95,malloc;main;[unknown];__libc_start_main;_start
1771716206.987679,967,956,malloc;main;[unknown];__libc_start_main;_start
1771716206.9930835,450,956,malloc;main;[unknown];__libc_start_main;_start
1771716206.9963386,936,95,malloc;main;[unknown];__libc_start_main;_start
1771716212.0087159,967,961,malloc;main;[unknown];__libc_start_main;_start
1771716212.0194032,450,961,malloc;main;[unknown];__libc_start_main;_start
1771716212.0225701,936,96,malloc;main;[unknown];__libc_start_main;_start
1771716217.0327117,967,966,malloc;main;[unknown];__libc_start_main;_start
1771716217.0378647,450,966,malloc;main;[unknown];__libc_start_main;_start
1771716217.0421107,936,96,malloc;main;[unknown];__libc_start_main;_start
1771716222.0494678,967,971,malloc;main;[unknown];__libc_start_main;_start
1771716222.0559695,450,971,malloc;main;[unknown];__libc_start_main;_start
1771716222.060904,936,97,malloc;main;[unknown];__libc_start_main;_start
1771716227.0795465,967,976,malloc;main;[unknown];__libc_start_main;_start
1771716227.098404,450,976,malloc;main;[unknown];__libc_start_main;_start
1771716227.100133,936,97,malloc;main;[unknown];__libc_start_main;_start
1771716232.1082852,967,981,malloc;main;[unknown];__libc_start_main;_start
1771716232.1139085,450,981,malloc;main;[unknown];__libc_start_main;_start
1771716232.1169114,936,98,malloc;main;[unknown];__libc_start_main;_start
1771716237.1241915,967,986,malloc;main;[unknown];__libc_start_main;_start
1771716237.1306841,450,986,malloc;main;[unknown];__libc_start_main;_start
1771716237.1347797,936,98,malloc;main;[unknown];__libc_start_main;_start
1771716242.1530154,967,991,malloc;main;[unknown];__libc_start_main;_start
1771716242.1821449,450,991,malloc;main;[unknown];__libc_start_main;_start
1771716242.1841536,936,99,malloc;main;[unknown];__libc_start_main;_start
1771716247.188108,967,996,malloc;main;[unknown];__libc_start_main;_start
1771716247.19254,450,996,malloc;main;[unknown];__libc_start_main;_start
1771716247.196439,936,99,malloc;main;[unknown];__libc_start_main;_start
1771716252.200037,967,1001,malloc;main;[unknown];__libc_start_main;_start
1771716252.204006,450,1001,malloc;main;[unknown];__libc_start_main;_start
1771716252.2074122,936,100,malloc;main;[unknown];__libc_start_main;_start
1771716257.2131984,967,1006,malloc;main;[unknown];__libc_start_main;_start
1771716257.2185855,450,1006,malloc;main;[unknown];__libc_start_main;_start
1771716257.2238302,936,100,malloc;main;[unknown];__libc_start_main;_start
1771716262.2376351,967,1011,malloc;main;[unknown];__libc_start_main;_start
1771716262.25139,450,1011,malloc;main;[unknown];__libc_start_main;_start
1771716262.2556806,936,101,malloc;main;[unknown];__libc_start_main;_start
1771716267.2654464,967,1016,malloc;main;[unknown];__libc_start_main;_start
1771716267.2696342,450,1016,malloc;main;[unknown];__libc_start_main;_start
1771716267.2736828,936,101,malloc;main;[unknown];__libc_start_main;_start
1771716272.2810144,967,1021,malloc;main;[unknown];__libc_start_main;_start
1771716272.2884016,450,1021,malloc;main;[unknown];__libc_start_main;_start
1771716272.292746,936,102,malloc;main;[unknown];__libc_start_main;_start
1771716277.2988782,967,1026,malloc;main;[unknown];__libc_start_main;_start
1771716277.305178,450,1026,malloc;main;[unknown];__libc_start_main;_start
1771716277.3089182,936,102,malloc;main;[unknown];__libc_start_main;_start
1771716282.3273644,967,1031,malloc;main;[unknown];__libc_start_main;_start
1771716282.3469,450,1031,malloc;main;[unknown];__libc_start_main;_start
1771716282.351448,936,103,malloc;main;[unknown];__libc_start_main;_start
1771716287.3618333,967,1036,malloc;main;[unknown];__libc_start_main;_start
1771716287.3773587,450,1036,malloc;main;[unknown];__libc_start_main;_start
1771716287.3823402,936,103,malloc;main;[unknown];__libc_start_main;_start
1771716292.3878236,967,1041,malloc;main;[unknown];__libc_start_main;_start
1771716292.392732,450,1041,malloc;main;[unknown];__libc_start_main;_start
1771716292.3955047,936,104,malloc;main;[unknown];__libc_start_main;_start
1771716297.410406,967,1046,malloc;main;[unknown];__libc_start_main;_start
1771716297.440785,450,1046,malloc;main;[unknown];__libc_start_main;_start
1771716297.4426887,936,104,malloc;main;[unknown];__libc_start_main;_start
1771716302.4539669,967,1051,malloc;main;[unknown];__libc_start_main;_start
1771716302.4780583,450,1051,malloc;main;[unknown];__libc_start_main;_start
1771716302.4819472,936,105,malloc;main;[unknown];__libc_start_main;_start
1771716307.4914296,967,1056,malloc;main;[unknown];__libc_start_main;_start
1771716307.4985638,450,1056,malloc;main;[unknown];__libc_start_main;_start
1771716307.5026078,936,105,malloc;main;[unknown];__libc_start_main;_start
1771716312.5085142,967,1061,malloc;main;[unknown];__libc_start_main;_start
1771716312.5154173,450,1061,malloc;main;[unknown];__libc_start_main;_start
1771716312.519581,936,106,malloc;main;[unknown];__libc_start_main;_start
1771716317.5274298,967,1066,malloc;main;[unknown];__libc_start_main;_start
1771716317.5343525,450,1066,malloc;main;[unknown];__libc_start_main;_start
1771716317.5386426,936,106,malloc;main;[unknown];__libc_start_main;_start
1771716322.547486,967,1071,malloc;main;[unknown];__libc_start_main;_start
1771716322.5542223,450,1071,malloc;main;[unknown];__libc_start_main;_start
1771716322.5584297,936,107,malloc;main;[unknown];__libc_start_main;_start
1771716327.5642495,967,1076,malloc;main;[unknown];__libc_start_main;_start
1771716327.570665,450,1076,malloc;main;[unknown];__libc_start_main;_start
1771716327.5752556,936,107,malloc;main;[unknown];__libc_start_main;_start
1771716332.5870793,967,1081,malloc;main;[unknown];__libc_start_main;_start
1771716332.5985885,450,1081,malloc;main;[unknown];__libc_start_main;_start
1771716332.6013703,936,108,malloc;main;[unknown];__libc_start_main;_start
1771716337.6072476,967,1086,malloc;main;[unknown];__libc_start_main;_start
1771716337.6135068,450,1086,malloc;main;[unknown];__libc_start_main;_start
1771716337.6177838,936,108,malloc;main;[unknown];__libc_start_main;_start
1771716342.6223545,967,1091,malloc;main;[unknown];__libc_start_main;_start
1771716342.6260352,450,1091,malloc;main;[unknown];__libc_start_main;_start
1771716342.6299813,936,109,malloc;main;[unknown];__libc_start_main;_start
1771716347.639719,967,1096,malloc;main;[unknown];__libc_start_main;_start
1771716347.6467373,450,1096,malloc;main;[unknown];__libc_start_main;_start
1771716347.6511838,936,109,malloc;main;[unknown];__libc_start_main;_start
1771716352.6579967,967,1101,malloc;main;[unknown];__libc_start_main;_start
1771716352.665395,450,1101,malloc;main;[unknown];__libc_start_main;_start
1771716352.6703296,936,110,malloc;main;[unknown];__libc_start_main;_start
1771716357.6834772,967,1106,malloc;main;[unknown];__libc_start_main;_start
1771716357.6989243,450,1106,malloc;main;[unknown];__libc_start_main;_start
1771716357.702105,936,110,malloc;main;[unknown];__libc_start_main;_start
1771716362.7115335,967,1112,malloc;main;[unknown];__libc_start_main;_start
1771716362.7186954,450,1112,malloc;main;[unknown];__libc_start_main;_start
1771716362.7229548,936,111,malloc;main;[unknown];__libc_start_main;_start
1771716367.73222,967,1117,malloc;main;[unknown];__libc_start_main;_start
1771716367.739274,450,1117,malloc;main;[unknown];__libc_start_main;_start
1771716367.7427464,936,111,malloc;main;[unknown];__libc_start_main;_start
1771716372.7486887,967,1122,malloc;main;[unknown];__libc_start_main;_start
1771716372.7558093,450,1122,malloc;main;[unknown];__libc_start_main;_start
1771716372.760381,936,112,malloc;main;[unknown];__libc_start_main;_start
1771716377.7673194,967,1127,malloc;main;[unknown];__libc_start_main;_start
1771716377.7740548,450,1127,malloc;main;[unknown];__libc_start_main;_start
1771716377.7777686,936,112,malloc;main;[unknown];__libc_start_main;_start
1771716382.7878098,967,1132,malloc;main;[unknown];__libc_start_main;_start
1771716382.7947247,450,1132,malloc;main;[unknown];__libc_start_main;_start
1771716382.7985988,936,113,malloc;main;[unknown];__libc_start_main;_start
1771716387.8064954,967,1137,malloc;main;[unknown];__libc_start_main;_start
1771716387.8132236,450,1137,malloc;main;[unknown];__libc_start_main;_start
1771716387.8170137,936,113,malloc;main;[unknown];__libc_start_main;_start
1771716392.8234882,967,1142,malloc;main;[unknown];__libc_start_main;_start
1771716392.8297265,450,1142,malloc;main;[unknown];__libc_start_main;_start
1771716392.8336687,936,114,malloc;main;[unknown];__libc_start_main;_start
1771716397.8436291,967,1147,malloc;main;[unknown];__libc_start_main;_start
1771716397.8495636,450,1147,malloc;main;[unknown];__libc_start_main;_start
1771716397.853346,936,114,malloc;main;[unknown];__libc_start_main;_start
1771716402.8618321,967,1152,malloc;main;[unknown];__libc_start_main;_start
1771716402.868377,450,1152,malloc;main;[unknown];__libc_start_main;_start
1771716402.8733683,936,115,malloc;main;[unknown];__libc_start_main;_start
1771716407.8832953,967,1157,malloc;main;[unknown];__libc_start_main;_start
1771716407.8896527,450,1157,malloc;main;[unknown];__libc_start_main;_start
1771716407.8937514,936,115,malloc;main;[unknown];__libc_start_main;_start
1771716412.9013336,967,1162,malloc;main;[unknown];__libc_start_main;_start
1771716412.9069932,450,1162,malloc;main;[unknown];__libc_start_main;_start
1771716412.91198,936,116,malloc;main;[unknown];__libc_start_main;_start
1771716417.9190013,967,1167,malloc;main;[unknown];__libc_start_main;_start
1771716417.9264538,450,1167,malloc;main;[unknown];__libc_start_main;_start
1771716417.9308865,936,116,malloc;main;[unknown];__libc_start_main;_start
1771716422.9417748,967,1172,malloc;main;[unknown];__libc_start_main;_start
1771716422.956645,450,1172,malloc;main;[unknown];__libc_start_main;_start
1771716422.96007,936,117,malloc;main;[unknown];__libc_start_main;_start
1771716427.9680157,967,1177,malloc;main;[unknown];__libc_start_main;_start
1771716427.9747615,450,1177,malloc;main;[unknown];__libc_start_main;_start
1771716427.979353,936,117,malloc;main;[unknown];__libc_start_main;_start
1771716432.9897926,967,1182,malloc;main;[unknown];__libc_start_main;_start
1771716432.996902,450,1182,malloc;main;[unknown];__libc_start_main;_start
1771716433.0013204,936,118,malloc;main;[unknown];__libc_start_main;_start
1771716438.0062358,967,1187,malloc;main;[unknown];__libc_start_main;_start
1771716438.0132368,450,1187,malloc;main;[unknown];__libc_start_main;_start
1771716438.0168428,936,118,malloc;main;[unknown];__libc_start_main;_start
1771716443.0244575,967,1192,malloc;main;[unknown];__libc_start_main;_start
1771716443.032253,450,1192,malloc;main;[unknown];__libc_start_main;_start
1771716443.0373676,936,119,malloc;main;[unknown];__libc_start_main;_start
1771716448.0476644,967,1197,malloc;main;[unknown];__libc_start_main;_start
1771716448.0546718,450,1197,malloc;main;[unknown];__libc_start_main;_start
1771716448.0596309,936,119,malloc;main;[unknown];__libc_start_main;_start
1771716453.0666418,967,1202,malloc;main;[unknown];__libc_start_main;_start
1771716453.0736098,450,1202,malloc;main;[unknown];__libc_start_main;_start
1771716453.0772152,936,120,malloc;main;[unknown];__libc_start_main;_start
1771716458.082331,967,1207,malloc;main;[unknown];__libc_start_main;_start
1771716458.0909255,450,1207,malloc;main;[unknown];__libc_start_main;_start
1771716458.0948884,936,120,malloc;main;[unknown];__libc_start_main;_start
1771716463.1068664,967,1212,malloc;main;[unknown];__libc_start_main;_start
1771716463.120283,450,1212,malloc;main;[unknown];__libc_start_main;_start
1771716463.1227486,936,121,malloc;main;[unknown];__libc_start_main;_start
1771716468.1276276,967,1217,malloc;main;[unknown];__libc_start_main;_start
1771716468.1326563,450,1217,malloc;main;[unknown];__libc_start_main;_start
1771716468.1360598,936,121,malloc;main;[unknown];__libc_start_main;_start
1771716473.14508,967,1222,malloc;main;[unknown];__libc_start_main;_start
1771716473.1483474,450,1222,malloc;main;[unknown];__libc_start_main;_start
1771716473.1518884,936,122,malloc;main;[unknown];__libc_start_main;_start
1771716478.157345,967,1227,malloc;main;[unknown];__libc_start_main;_start
1771716478.1682596,450,1227,malloc;main;[unknown];__libc_start_main;_start
1771716478.1708791,936,122,malloc;main;[unknown];__libc_start_main;_start
1771716483.1802223,967,1232,malloc;main;[unknown];__libc_start_main;_start
1771716483.1864264,450,1232,malloc;main;[unknown];__libc_start_main;_start
1771716483.1906648,936,123,malloc;main;[unknown];__libc_start_main;_start
1771716488.197283,967,1237,malloc;main;[unknown];__libc_start_main;_start
1771716488.2037337,450,1237,malloc;main;[unknown];__libc_start_main;_start
1771716488.2076976,936,123,malloc;main;[unknown];__libc_start_main;_start
1771716493.2152789,967,1242,malloc;main;[unknown];__libc_start_main;_start
1771716493.2216253,450,1242,malloc;main;[unknown];__libc_start_main;_start
1771716493.225706,936,124,malloc;main;[unknown];__libc_start_main;_start
1771716498.2355163,967,1247,malloc;main;[unknown];__libc_start_main;_start
1771716498.2415383,450,1247,malloc;main;[unknown];__libc_start_main;_start
1771716498.2463665,936,124,malloc;main;[unknown];__libc_start_main;_start
1771716503.2607963,967,1252,malloc;main;[unknown];__libc_start_main;_start
1771716503.2746487,450,1252,malloc;main;[unknown];__libc_start_main;_start
1771716503.277911,936,125,malloc;main;[unknown];__libc_start_main;_start
1771716508.2839046,967,1257,malloc;main;[unknown];__libc_start_main;_start
1771716508.2908685,450,1257,malloc;main;[unknown];__libc_start_main;_start
1771716508.294782,936,125,malloc;main;[unknown];__libc_start_main;_start
1771716513.3048284,967,1262,malloc;main;[unknown];__libc_start_main;_start
1771716513.3117185,450,1262,malloc;main;[unknown];__libc_start_main;_start
1771716513.3171551,936,126,malloc;main;[unknown];__libc_start_main;_start
1771716518.326383,967,1267,malloc;main;[unknown];__libc_start_main;_start
1771716518.3332784,450,1267,malloc;main;[unknown];__libc_start_main;_start
1771716518.3370275,936,126,malloc;main;[unknown];__libc_start_main;_start
1771716523.3458462,967,1272,malloc;main;[unknown];__libc_start_main;_start
1771716523.3520074,450,1272,malloc;main;[unknown];__libc_start_main;_start
1771716523.3564053,936,127,malloc;main;[unknown];__libc_start_main;_start
1771716528.36628,967,1277,malloc;main;[unknown];__libc_start_main;_start
1771716528.373,450,1277,malloc;main;[unknown];__libc_start_main;_start
1771716528.3778582,936,127,malloc;main;[unknown];__libc_start_main;_start
1771716533.3851814,967,1282,malloc;main;[unknown];__libc_start_main;_start
1771716533.3924806,450,1282,malloc;main;[unknown];__libc_start_main;_start
1771716533.3971674,936,128,malloc;main;[unknown];__libc_start_main;_start
1771716538.4038353,967,1287,malloc;main;[unknown];__libc_start_main;_start
1771716538.410867,450,1287,malloc;main;[unknown];__libc_start_main;_start
1771716538.413693,936,128,malloc;main;[unknown];__libc_start_main;_start
1771716543.4249163,967,1292,malloc;main;[unknown];__libc_start_main;_start
1771716543.4368107,450,1292,malloc;main;[unknown];__libc_start_main;_start
1771716543.4393506,936,129,malloc;main;[unknown];__libc_start_main;_start
1771716548.4447808,967,1297,malloc;main;[unknown];__libc_start_main;_start
1771716548.4515438,450,1297,malloc;main;[unknown];__libc_start_main;_start
1771716548.4560752,936,129,malloc;main;[unknown];__libc_start_main;_start
1771716553.4639938,967,1302,malloc;main;[unknown];__libc_start_main;_start
1771716553.4708993,450,1302,malloc;main;[unknown];__libc_start_main;_start
1771716553.4748464,936,130,malloc;main;[unknown];__libc_start_main;_start
1771716558.4794335,967,1307,malloc;main;[unknown];__libc_start_main;_start
1771716558.4832678,450,1307,malloc;main;[unknown];__libc_start_main;_start
1771716558.486239,936,130,malloc;main;[unknown];__libc_start_main;_start
1771716563.4950016,967,1312,malloc;main;[unknown];__libc_start_main;_start
1771716563.5008903,450,1312,malloc;main;[unknown];__libc_start_main;_start
1771716563.5044992,936,131,malloc;main;[unknown];__libc_start_main;_start
1771716568.5099247,967,1317,malloc;main;[unknown];__libc_start_main;_start
1771716568.5163627,450,1317,malloc;main;[unknown];__libc_start_main;_start
1771716568.519943,936,131,malloc;main;[unknown];__libc_start_main;_start
1771716573.5299516,967,1322,malloc;main;[unknown];__libc_start_main;_start
1771716573.5367072,450,1322,malloc;main;[unknown];__libc_start_main;_start
1771716573.5402768,936,132,malloc;main;[unknown];__libc_start_main;_start
1771716578.5471776,967,1327,malloc;main;[unknown];__libc_start_main;_start
1771716578.553857,450,1327,malloc;main;[unknown];__libc_start_main;_start
1771716578.5582948,936,132,malloc;main;[unknown];__libc_start_main;_start
1771716583.5686316,967,1332,malloc;main;[unknown];__libc_start_main;_start
1771716583.5770714,450,1332,malloc;main;[unknown];__libc_start_main;_start
1771716583.5806992,936,133,malloc;main;[unknown];__libc_start_main;_start
1771716588.5909524,967,1337,malloc;main;[unknown];__libc_start_main;_start
1771716588.5994854,450,1337,malloc;main;[unknown];__libc_start_main;_start
1771716588.6037061,936,133,malloc;main;[unknown];__libc_start_main;_start
1771716593.6151743,967,1342,malloc;main;[unknown];__libc_start_main;_start
1771716593.6208181,450,1342,malloc;main;[unknown];__libc_start_main;_start
1771716593.6239064,936,134,malloc;main;[unknown];__libc_start_main;_start
1771716598.636437,967,1347,malloc;main;[unknown];__libc_start_main;_start
1771716598.6465106,450,1347,malloc;main;[unknown];__libc_start_main;_start
1771716598.6505492,936,134,malloc;main;[unknown];__libc_start_main;_start
1771716603.654686,967,1352,malloc;main;[unknown];__libc_start_main;_start
1771716603.662212,450,1352,malloc;main;[unknown];__libc_start_main;_start
1771716603.666799,936,135,malloc;main;[unknown];__libc_start_main;_start
1771716608.674415,967,1357,malloc;main;[unknown];__libc_start_main;_start
1771716608.6814299,450,1357,malloc;main;[unknown];__libc_start_main;_start
1771716608.6856503,936,135,malloc;main;[unknown];__libc_start_main;_start
1771716613.6916614,967,1362,malloc;main;[unknown];__libc_start_main;_start
1771716613.698669,450,1362,malloc;main;[unknown];__libc_start_main;_start
1771716613.7031598,936,136,malloc;main;[unknown];__libc_start_main;_start
1771716618.7088907,967,1367,malloc;main;[unknown];__libc_start_main;_start
1771716618.7155817,450,1367,malloc;main;[unknown];__libc_start_main;_start
1771716618.7197165,936,136,malloc;main;[unknown];__libc_start_main;_start
1771716623.730325,967,1372,malloc;main;[unknown];__libc_start_main;_start
1771716623.7355835,450,1372,malloc;main;[unknown];__libc_start_main;_start
1771716623.7407155,936,137,malloc;main;[unknown];__libc_start_main;_start
1771716628.7487237,967,1377,malloc;main;[unknown];__libc_start_main;_start
1771716628.7556016,450,1377,malloc;main;[unknown];__libc_start_main;_start
1771716628.7608144,936,137,malloc;main;[unknown];__libc_start_main;_start
1771716633.766718,967,1382,malloc;main;[unknown];__libc_start_main;_start
1771716633.7739496,450,1382,malloc;main;[unknown];__libc_start_main;_start
1771716633.778325,936,138,malloc;main;[unknown];__libc_start_main;_start
1771716638.7881017,967,1387,malloc;main;[unknown];__libc_start_main;_start
1771716638.7949183,450,1387,malloc;main;[unknown];__libc_start_main;_start
1771716638.7989979,936,138,malloc;main;[unknown];__libc_start_main;_start
1771716643.8087318,967,1392,malloc;main;[unknown];__libc_start_main;_start
1771716643.8164616,450,1392,malloc;main;[unknown];__libc_start_main;_start
1771716643.8207934,936,139,malloc;main;[unknown];__libc_start_main;_start
1771716648.829277,967,1397,malloc;main;[unknown];__libc_start_main;_start
1771716648.8351717,450,1397,malloc;main;[unknown];__libc_start_main;_start
1771716648.838304,936,139,malloc;main;[unknown];__libc_start_main;_start
1771716653.8486795,967,1402,malloc;main;[unknown];__libc_start_main;_start
1771716653.8552666,450,1402,malloc;main;[unknown];__libc_start_main;_start
1771716653.8600132,936,140,malloc;main;[unknown];__libc_start_main;_start
1771716658.8669674,967,1407,malloc;main;[unknown];__libc_start_main;_start
1771716658.8705723,450,1407,malloc;main;[unknown];__libc_start_main;_start
1771716658.8738923,936,140,malloc;main;[unknown];__libc_start_main;_start
1771716663.8856773,967,1412,malloc;main;[unknown];__libc_start_main;_start
1771716663.901516,450,1412,malloc;main;[unknown];__libc_start_main;_start
1771716663.9061873,936,141,malloc;main;[unknown];__libc_start_main;_start
1771716668.9174678,967,1417,malloc;main;[unknown];__libc_start_main;_start
1771716668.9244232,450,1417,malloc;main;[unknown];__libc_start_main;_start
1771716668.9276168,936,141,malloc;main;[unknown];__libc_start_main;_start
1771716673.9362688,967,1422,malloc;main;[unknown];__libc_start_main;_start
1771716673.943366,450,1422,malloc;main;[unknown];__libc_start_main;_start
1771716673.9469323,936,142,malloc;main;[unknown];__libc_start_main;_start
1771716678.9529533,967,1427,malloc;main;[unknown];__libc_start_main;_start
1771716678.9599478,450,1427,malloc;main;[unknown];__libc_start_main;_start
1771716678.9647667,936,142,malloc;main;[unknown];__libc_start_main;_start
1771716683.9697442,967,1432,malloc;main;[unknown];__libc_start_main;_start
1771716683.976682,450,1432,malloc;main;[unknown];__libc_start_main;_start
1771716683.9813359,936,143,malloc;main;[unknown];__libc_start_main;_start
1771716688.9911568,967,1437,malloc;main;[unknown];__libc_start_main;_start
1771716688.9986238,450,1437,malloc;main;[unknown];__libc_start_main;_start
1771716689.0040185,936,143,malloc;main;[unknown];__libc_start_main;_start
1771716694.0143003,967,1442,malloc;main;[unknown];__libc_start_main;_start
1771716694.0216808,450,1442,malloc;main;[unknown];__libc_start_main;_start
1771716694.0289369,936,144,malloc;main;[unknown];__libc_start_main;_start
1771716699.036365,967,1447,malloc;main;[unknown];__libc_start_main;_start
1771716699.0412934,450,1447,malloc;main;[unknown];__libc_start_main;_start
1771716699.0441113,936,144,malloc;main;[unknown];__libc_start_main;_start
1771716704.0532515,967,1452,malloc;main;[unknown];__libc_start_main;_start
1771716704.0583613,450,1452,malloc;main;[unknown];__libc_start_main;_start
1771716704.0615845,936,145,malloc;main;[unknown];__libc_start_main;_start
1771716709.0670643,967,1457,malloc;main;[unknown];__libc_start_main;_start
1771716709.0727563,450,1457,malloc;main;[unknown];__libc_start_main;_start
1771716709.0761619,936,145,malloc;main;[unknown];__libc_start_main;_start
1771716714.0832267,967,1462,malloc;main;[unknown];__libc_start_main;_start
1771716714.088682,450,1462,malloc;main;[unknown];__libc_start_main;_start
1771716714.0931065,936,146,malloc;main;[unknown];__libc_start_main;_start
1771716719.1065073,967,1467,malloc;main;[unknown];__libc_start_main;_start
1771716719.1128469,450,1467,malloc;main;[unknown];__libc_start_main;_start
1771716719.1156714,936,146,malloc;main;[unknown];__libc_start_main;_start
1771716724.1260707,967,1472,malloc;main;[unknown];__libc_start_main;_start
1771716724.139194,450,1472,malloc;main;[unknown];__libc_start_main;_start
1771716724.1423547,936,147,malloc;main;[unknown];__libc_start_main;_start
1771716729.1525295,967,1477,malloc;main;[unknown];__libc_start_main;_start
1771716729.1583035,450,1477,malloc;main;[unknown];__libc_start_main;_start
1771716729.161761,936,147,malloc;main;[unknown];__libc_start_main;_start
1771716734.167177,967,1482,malloc;main;[unknown];__libc_start_main;_start
1771716734.1730847,450,1482,malloc;main;[unknown];__libc_start_main;_start
1771716734.1767008,936,148,malloc;main;[unknown];__libc_start_main;_start
1771716739.1847005,967,1487,malloc;main;[unknown];__libc_start_main;_start
1771716739.192444,450,1487,malloc;main;[unknown];__libc_start_main;_start
1771716739.1965923,936,148,malloc;main;[unknown];__libc_start_main;_start
1771716744.2018719,967,1492,malloc;main;[unknown];__libc_start_main;_start
1771716744.206506,450,1492,malloc;main;[unknown];__libc_start_main;_start
1771716744.2105184,936,149,malloc;main;[unknown];__libc_start_main;_start
1771716749.2197804,967,1497,malloc;main;[unknown];__libc_start_main;_start
1771716749.2271671,450,1497,malloc;main;[unknown];__libc_start_main;_start
1771716749.2312703,936,149,malloc;main;[unknown];__libc_start_main;_start
1771716754.2390802,967,1502,malloc;main;[unknown];__libc_start_main;_start
1771716754.2475033,450,1502,malloc;main;[unknown];__libc_start_main;_start
1771716754.2511945,936,150,malloc;main;[unknown];__libc_start_main;_start
1771716759.262237,967,1507,malloc;main;[unknown];__libc_start_main;_start
1771716759.277953,450,1507,malloc;main;[unknown];__libc_start_main;_start
1771716759.2830956,936,150,malloc;main;[unknown];__libc_start_main;_start
1771716764.292495,967,1512,malloc;main;[unknown];__libc_start_main;_start
1771716764.299112,450,1512,malloc;main;[unknown];__libc_start_main;_start
1771716764.3021684,936,151,malloc;main;[unknown];__libc_start_main;_start
1771716769.3094735,967,1517,malloc;main;[unknown];__libc_start_main;_start
1771716769.3166049,450,1517,malloc;main;[unknown];__libc_start_main;_start
1771716769.3209143,936,151,malloc;main;[unknown];__libc_start_main;_start
1771716774.326983,967,1522,malloc;main;[unknown];__libc_start_main;_start
1771716774.3334,450,1522,malloc;main;[unknown];__libc_start_main;_start
1771716774.3368394,936,152,malloc;main;[unknown];__libc_start_main;_start
1771716779.3427076,967,1527,malloc;main;[unknown];__libc_start_main;_start
1771716779.3494797,450,1527,malloc;main;[unknown];__libc_start_main;_start
1771716779.35364,936,152,malloc;main;[unknown];__libc_start_main;_start
1771716784.3613255,967,1532,malloc;main;[unknown];__libc_start_main;_start
1771716784.3681664,450,1532,malloc;main;[unknown];__libc_start_main;_start
1771716784.3729546,936,153,malloc;main;[unknown];__libc_start_main;_start
1771716789.378873,967,1537,malloc;main;[unknown];__libc_start_main;_start
1771716789.385188,450,1537,malloc;main;[unknown];__libc_start_main;_start
1771716789.3895054,936,153,malloc;main;[unknown];__libc_start_main;_start
1771716794.3962529,967,1542,malloc;main;[unknown];__libc_start_main;_start
1771716794.4034674,450,1542,malloc;main;[unknown];__libc_start_main;_start
1771716794.4079747,936,154,malloc;main;[unknown];__libc_start_main;_start
1771716799.4230645,967,1547,malloc;main;[unknown];__libc_start_main;_start
1771716799.4359276,450,1547,malloc;main;[unknown];__libc_start_main;_start
1771716799.4393537,936,154,malloc;main;[unknown];__libc_start_main;_start
1771716804.449059,967,1552,malloc;main;[unknown];__libc_start_main;_start
1771716804.4543617,450,1552,malloc;main;[unknown];__libc_start_main;_start
1771716804.458574,936,155,malloc;main;[unknown];__libc_start_main;_start
1771716809.4661102,967,1557,malloc;main;[unknown];__libc_start_main;_start
1771716809.472089,450,1557,malloc;main;[unknown];__libc_start_main;_start
1771716809.474837,936,155,malloc;main;[unknown];__libc_start_main;_start
1771716814.480115,967,1562,malloc;main;[unknown];__libc_start_main;_start
1771716814.4864986,450,1562,malloc;main;[unknown];__libc_start_main;_start
1771716814.4900968,936,156,malloc;main;[unknown];__libc_start_main;_start
1771716819.5050929,967,1567,malloc;main;[unknown];__libc_start_main;_start
1771716819.51833,450,1567,malloc;main;[unknown];__libc_start_main;_start
1771716819.5218096,936,156,malloc;main;[unknown];__libc_start_main;_start
1771716824.529989,967,1572,malloc;main;[unknown];__libc_start_main;_start
1771716824.536692,450,1572,malloc;main;[unknown];__libc_start_main;_start
1771716824.5405302,936,157,malloc;main;[unknown];__libc_start_main;_start
1771716829.5458214,967,1577,malloc;main;[unknown];__libc_start_main;_start
1771716829.5502956,450,1577,malloc;main;[unknown];__libc_start_main;_start
1771716829.5537977,936,157,malloc;main;[unknown];__libc_start_main;_start
1771716834.5649736,967,1582,malloc;main;[unknown];__libc_start_main;_start
1771716834.5799932,450,1582,malloc;main;[unknown];__libc_start_main;_start
1771716834.583339,936,158,malloc;main;[unknown];__libc_start_main;_start
1771716839.595504,967,1587,malloc;main;[unknown];__libc_start_main;_start
1771716839.6025949,450,1587,malloc;main;[unknown];__libc_start_main;_start
1771716839.6070848,936,158,malloc;main;[unknown];__libc_start_main;_start
1771716844.613221,967,1592,malloc;main;[unknown];__libc_start_main;_start
1771716844.618071,450,1592,malloc;main;[unknown];__libc_start_main;_start
1771716844.6222699,936,159,malloc;main;[unknown];__libc_start_main;_start
1771716849.6434567,967,1597,malloc;main;[unknown];__libc_start_main;_start
1771716849.671313,450,1597,malloc;main;[unknown];__libc_start_main;_start
1771716849.67446,936,159,malloc;main;[unknown];__libc_start_main;_start
1771716854.6833866,967,1602,malloc;main;[unknown];__libc_start_main;_start
1771716854.6889186,450,1602,malloc;main;[unknown];__libc_start_main;_start
1771716854.6923852,936,160,malloc;main;[unknown];__libc_start_main;_start
1771716859.7006464,967,1607,malloc;main;[unknown];__libc_start_main;_start
1771716859.7067082,450,1607,malloc;main;[unknown];__libc_start_main;_start
1771716859.711511,936,160,malloc;main;[unknown];__libc_start_main;_start
1771716864.7175875,967,1612,malloc;main;[unknown];__libc_start_main;_start
1771716864.7234988,450,1612,malloc;main;[unknown];__libc_start_main;_start
1771716864.727804,936,161,malloc;main;[unknown];__libc_start_main;_start
1771716869.7424347,967,1617,malloc;main;[unknown];__libc_start_main;_start
1771716869.7952726,450,1617,malloc;main;[unknown];__libc_start_main;_start
1771716869.803872,936,161,malloc;main;[unknown];__libc_start_main;_start
1771716874.8111596,967,1622,malloc;main;[unknown];__libc_start_main;_start
1771716874.8179243,450,1622,malloc;main;[unknown];__libc_start_main;_start
1771716874.8220696,936,162,malloc;main;[unknown];__libc_start_main;_start
1771716879.8272085,967,1627,malloc;main;[unknown];__libc_start_main;_start
1771716879.8328564,450,1627,malloc;main;[unknown];__libc_start_main;_start
1771716879.836991,936,162,malloc;main;[unknown];__libc_start_main;_start
1771716884.848244,967,1632,malloc;main;[unknown];__libc_start_main;_start
1771716884.8548977,450,1632,malloc;main;[unknown];__libc_start_main;_start
1771716884.858925,936,163,malloc;main;[unknown];__libc_start_main;_start
1771716889.8677666,967,1637,malloc;main;[unknown];__libc_start_main;_start
1771716889.8741047,450,1637,malloc;main;[unknown];__libc_start_main;_start
1771716889.8776536,936,163,malloc;main;[unknown];__libc_start_main;_start
1771716894.8844156,967,1642,malloc;main;[unknown];__libc_start_main;_start
1771716894.8901105,450,1642,malloc;main;[unknown];__libc_start_main;_start
1771716894.8955603,936,164,malloc;main;[unknown];__libc_start_main;_start
1771716899.9009066,967,1647,malloc;main;[unknown];__libc_start_main;_start
1771716899.9074876,450,1647,malloc;main;[unknown];__libc_start_main;_start
1771716899.9128604,936,164,malloc;main;[unknown];__libc_start_main;_start
1771716904.926176,967,1652,malloc;main;[unknown];__libc_start_main;_start
1771716904.9557648,450,1652,malloc;main;[unknown];__libc_start_main;_start
1771716904.9576643,936,165,malloc;main;[unknown];__libc_start_main;_start
1771716909.9650888,967,1657,malloc;main;[unknown];__libc_start_main;_start
1771716909.9688675,450,1657,malloc;main;[unknown];__libc_start_main;_start
1771716909.9723833,936,165,malloc;main;[unknown];__libc_start_main;_start
1771716914.9804997,967,1662,malloc;main;[unknown];__libc_start_main;_start
1771716914.9875064,450,1662,malloc;main;[unknown];__libc_start_main;_start
1771716914.9912388,936,166,malloc;main;[unknown];__libc_start_main;_start
1772056783.654993,29,5,malloc;main;[unknown];__libc_start_main;_start
1772056783.6552756,768,5,malloc;main;[unknown];__libc_start_main;_start
1772056788.6810148,29,10,malloc;main;[unknown];__libc_start_main;_start
1772056788.6811664,768,10,malloc;main;[unknown];__libc_start_main;_start
1772056788.681306,852,1,malloc;main;[unknown];__libc_start_main;_start
1772056793.691006,29,15,malloc;main;[unknown];__libc_start_main;_start
1772056793.6911697,768,15,malloc;main;[unknown];__libc_start_main;_start
1772056793.6912732,852,1,malloc;main;[unknown];__libc_start_main;_start
1772056798.6999254,29,20,malloc;main;[unknown];__libc_start_main;_start
1772056798.700156,768,20,malloc;main;[unknown];__libc_start_main;_start
1772056798.7003465,852,2,malloc;main;[unknown];__libc_start_main;_start
1772056803.7075632,29,25,malloc;main;[unknown];__libc_start_main;_start
1772056803.7077637,768,25,malloc;main;[unknown];__libc_start_main;_start
1772056803.7079737,852,2,malloc;main;[unknown];__libc_start_main;_start
1772056808.7236238,29,30,malloc;main;[unknown];__libc_start_main;_start
1772056808.7237425,768,30,malloc;main;[unknown];__libc_start_main;_start
1772056808.7238297,852,3,malloc;main;[unknown];__libc_start_main;_start
1772056813.7426713,29,35,malloc;main;[unknown];__libc_start_main;_start
1772056813.7428238,768,35,malloc;main;[unknown];__libc_start_main;_start
1772056813.7429082,852,3,malloc;main;[unknown];__libc_start_main;_start
1772056818.7634516,29,40,malloc;main;[unknown];__libc_start_main;_start
1772056818.7636268,768,40,malloc;main;[unknown];__libc_start_main;_start
1772056818.7637608,852,4,malloc;main;[unknown];__libc_start_main;_start
1772056823.779202,29,45,malloc;main;[unknown];__libc_start_main;_start
1772056823.7794766,768,45,malloc;main;[unknown];__libc_start_main;_start
1772056823.77968,852,4,malloc;main;[unknown];__libc_start_main;_start
1772056828.7919364,29,50,malloc;main;[unknown];__libc_start_main;_start
1772056828.7922993,768,50,malloc;main;[unknown];__libc_start_main;_start
1772056828.7927144,852,5,malloc;main;[unknown];__libc_start_main;_start
1772056833.8080132,29,55,malloc;main;[unknown];__libc_start_main;_start
1772056833.8083267,768,55,malloc;main;[unknown];__libc_start_main;_start
1772056833.8085728,852,5,malloc;main;[unknown];__libc_start_main;_start
1772056838.8288674,29,60,malloc;main;[unknown];__libc_start_main;_start
1772056838.8290262,768,60,malloc;main;[unknown];__libc_start_main;_start
1772056838.8291676,852,6,malloc;main;[unknown];__libc_start_main;_start
